TaskName,Variant,InputSize,MedianMs,MeanMs,MinMs,MaxMs,StdDevMs,CvPercent,SpeedupVsSequential,SpeedupVsParallel1,IsValid
GameOfLife,GPU_ComputeSharp,8,9.0019,9.0027,8.8601,9.1877,0.1037,1.15,0.0422,0.0824,True
GameOfLife,ILGPU_Cuda,8,4.3413,4.3936,4.1514,4.7324,0.1859,4.23,0.0874,0.1709,True
GameOfLife,Parallel_1,8,0.7420,0.7481,0.7324,0.7842,0.0158,2.11,0.5115,1.0000,True
GameOfLife,Parallel_12,8,0.7028,0.7041,0.6730,0.7473,0.0215,3.05,0.5401,1.0558,True
GameOfLife,Parallel_2,8,0.5287,0.5460,0.5134,0.6737,0.0462,8.46,0.7179,1.4035,True
GameOfLife,Parallel_4,8,0.7880,1.5334,0.6984,8.3048,2.2577,147.23,0.4817,0.9417,True
GameOfLife,Parallel_6,8,0.6848,0.6969,0.6647,0.8241,0.0436,6.26,0.5542,1.0836,True
GameOfLife,Parallel_8,8,0.7166,0.7600,0.6840,0.9169,0.0762,10.03,0.5297,1.0355,True
GameOfLife,Sequential,8,0.3795,0.3801,0.3780,0.3841,0.0021,0.55,1.0000,1.9551,True
GameOfLife,GPU_ComputeSharp,12,8.3750,8.5469,8.2896,10.0313,0.5000,5.85,0.1016,0.1824,True
GameOfLife,ILGPU_Cuda,12,4.2837,4.4494,4.1945,5.1822,0.3117,7.01,0.1986,0.3566,True
GameOfLife,Parallel_1,12,1.5275,1.5395,1.5253,1.6300,0.0305,1.98,0.5570,1.0000,True
GameOfLife,Parallel_12,12,0.7065,0.7182,0.6788,0.8093,0.0366,5.10,1.2043,2.1622,True
GameOfLife,Parallel_2,12,0.8999,0.9065,0.8894,0.9690,0.0214,2.36,0.9455,1.6975,True
GameOfLife,Parallel_4,12,0.9527,1.5821,0.9462,7.2317,1.8832,119.04,0.8930,1.6033,True
GameOfLife,Parallel_6,12,0.7350,0.8103,0.6520,1.0645,0.1414,17.45,1.1575,2.0781,True
GameOfLife,Parallel_8,12,0.8586,1.0085,0.7679,1.8425,0.3296,32.69,0.9909,1.7791,True
GameOfLife,Sequential,12,0.8508,0.8528,0.8488,0.8632,0.0042,0.50,1.0000,1.7954,True
GameOfLife,GPU_ComputeSharp,16,8.8679,9.0003,8.7489,9.6935,0.2881,3.20,0.1673,0.1687,True
GameOfLife,ILGPU_Cuda,16,4.4806,4.4893,4.1045,5.0887,0.2539,5.66,0.3311,0.3339,True
GameOfLife,Parallel_1,16,1.4959,1.4994,1.4933,1.5153,0.0078,0.52,0.9917,1.0000,True
GameOfLife,Parallel_12,16,0.9848,0.9895,0.9618,1.0540,0.0271,2.74,1.5065,1.5191,True
GameOfLife,Parallel_2,16,0.9297,1.7105,0.9163,8.7318,2.3405,136.83,1.5957,1.6090,True
GameOfLife,Parallel_4,16,0.7733,0.7807,0.7660,0.8387,0.0205,2.63,1.9183,1.9343,True
GameOfLife,Parallel_6,16,0.8669,0.8667,0.8566,0.8766,0.0056,0.65,1.7114,1.7257,True
GameOfLife,Parallel_8,16,0.9334,0.9319,0.9097,0.9495,0.0134,1.44,1.5895,1.6027,True
GameOfLife,Sequential,16,1.4836,1.4862,1.4759,1.5041,0.0078,0.53,1.0000,1.0083,True
GameOfLife,GPU_ComputeSharp,24,8.4256,8.4959,8.3428,8.8620,0.1589,1.87,0.4015,0.3968,True
GameOfLife,ILGPU_Cuda,24,4.4073,4.3997,4.2835,4.5253,0.0812,1.85,0.7676,0.7586,True
GameOfLife,Parallel_1,24,3.3434,4.5993,3.3351,15.8790,3.7599,81.75,1.0118,1.0000,True
GameOfLife,Parallel_12,24,1.3949,1.4276,1.3527,1.7930,0.1230,8.62,2.4253,2.3969,True
GameOfLife,Parallel_2,24,2.0779,2.0783,2.0685,2.0924,0.0076,0.37,1.6281,1.6091,True
GameOfLife,Parallel_4,24,1.2629,1.2658,1.2571,1.2828,0.0073,0.58,2.6789,2.6475,True
GameOfLife,Parallel_6,24,1.3228,2.0636,1.2331,8.9671,2.3015,111.53,2.5576,2.5277,True
GameOfLife,Parallel_8,24,1.3605,1.3629,1.3320,1.4147,0.0239,1.76,2.4865,2.4574,True
GameOfLife,Sequential,24,3.3830,3.4135,3.3699,3.5585,0.0577,1.69,1.0000,0.9883,True
GameOfLife,GPU_ComputeSharp,32,9.0656,10.3202,8.7072,20.4482,3.4043,32.99,0.6792,0.6565,True
GameOfLife,ILGPU_Cuda,32,4.4228,4.4290,4.2819,4.6905,0.1098,2.48,1.3922,1.3456,True
GameOfLife,Parallel_1,32,5.9513,5.9569,5.9281,6.0256,0.0279,0.47,1.0347,1.0000,True
GameOfLife,Parallel_12,32,1.8949,1.9050,1.8723,2.0081,0.0368,1.93,3.2496,3.1407,True
GameOfLife,Parallel_2,32,3.3829,3.3857,3.3614,3.4176,0.0196,0.58,1.8202,1.7592,True
GameOfLife,Parallel_4,32,1.9185,2.2041,1.8882,3.4077,0.4960,22.50,3.2095,3.1020,True
GameOfLife,Parallel_6,32,1.8277,1.8357,1.7812,1.9777,0.0542,2.95,3.3690,3.2562,True
GameOfLife,Parallel_8,32,1.8588,1.9855,1.8243,2.7227,0.2630,13.25,3.3128,3.2018,True
GameOfLife,Sequential,32,6.1576,6.2264,6.0408,6.9004,0.2482,3.99,1.0000,0.9665,True
GameOfLife,GPU_ComputeSharp,64,8.8138,9.0113,8.5786,10.4201,0.5294,5.87,2.6745,2.6789,True
GameOfLife,ILGPU_Cuda,64,4.5128,4.7090,4.2887,7.0609,0.7944,16.87,5.2234,5.2322,True
GameOfLife,Parallel_1,64,23.6117,23.6703,23.5922,23.9300,0.1259,0.53,0.9983,1.0000,True
GameOfLife,Parallel_12,64,6.3596,6.4317,6.1583,7.0544,0.2306,3.58,3.7066,3.7128,True
GameOfLife,Parallel_2,64,12.2834,12.2136,12.0303,12.3443,0.1147,0.94,1.9190,1.9222,True
GameOfLife,Parallel_4,64,6.5085,6.5129,6.4615,6.6178,0.0424,0.65,3.6218,3.6278,True
GameOfLife,Parallel_6,64,5.8301,5.8328,5.6545,6.0036,0.1086,1.86,4.0432,4.0500,True
GameOfLife,Parallel_8,64,6.3935,6.4128,6.0510,6.7660,0.2628,4.10,3.6869,3.6931,True
GameOfLife,Sequential,64,23.5724,23.6973,23.5248,24.0878,0.2136,0.90,1.0000,1.0017,True
GameOfLife,GPU_ComputeSharp,100,8.4025,8.4643,8.3004,8.8651,0.1736,2.05,7.0754,6.9409,True
GameOfLife,ILGPU_Cuda,100,4.3355,4.8595,4.2685,6.9364,1.0319,21.24,13.7126,13.4519,True
GameOfLife,Parallel_1,100,58.3207,58.4689,57.6520,60.1145,0.6985,1.19,1.0194,1.0000,True
GameOfLife,Parallel_12,100,13.1110,13.1934,12.8988,14.1735,0.3402,2.58,4.5344,4.4482,True
GameOfLife,Parallel_2,100,29.1388,29.1424,29.1104,29.2135,0.0276,0.09,2.0403,2.0015,True
GameOfLife,Parallel_4,100,15.7067,15.8874,15.2772,17.1062,0.5246,3.30,3.7851,3.7131,True
GameOfLife,Parallel_6,100,13.3173,13.4015,13.2624,14.0702,0.2301,1.72,4.4642,4.3793,True
GameOfLife,Parallel_8,100,14.5005,14.5589,14.1483,15.2631,0.3136,2.15,4.0999,4.0220,True
GameOfLife,Sequential,100,59.4509,59.4657,58.6538,60.1551,0.4853,0.82,1.0000,0.9810,True
GameOfLife,GPU_ComputeSharp,150,8.6250,8.6774,8.5569,8.9329,0.1274,1.47,15.3923,15.0347,True
GameOfLife,ILGPU_Cuda,150,4.3747,4.8512,4.2747,6.8504,1.0004,20.62,30.3464,29.6414,True
GameOfLife,Parallel_1,150,129.6738,129.7756,129.5433,130.7302,0.3283,0.25,1.0238,1.0000,True
GameOfLife,Parallel_12,150,26.5521,26.6151,26.3620,27.1710,0.2275,0.85,4.9999,4.8837,True
GameOfLife,Parallel_2,150,65.6525,65.7593,65.4349,66.6562,0.3416,0.52,2.0221,1.9752,True
GameOfLife,Parallel_4,150,33.9686,34.3031,33.9222,37.1535,0.9519,2.78,3.9082,3.8175,True
GameOfLife,Parallel_6,150,23.1657,23.3951,22.9317,24.2446,0.4778,2.04,5.7308,5.5977,True
GameOfLife,Parallel_8,150,28.2279,28.4026,27.1132,29.5633,0.7733,2.72,4.7031,4.5938,True
GameOfLife,Sequential,150,132.7578,133.0168,131.6758,135.4041,1.0252,0.77,1.0000,0.9768,True
GameOfLife,GPU_ComputeSharp,250,9.1366,9.2973,8.8859,9.8396,0.3557,3.83,39.9604,39.5373,True
GameOfLife,ILGPU_Cuda,250,4.3159,4.5754,4.0764,6.8376,0.7761,16.96,84.5938,83.6980,True
GameOfLife,Parallel_1,250,361.2363,361.5411,359.8884,363.1700,1.0956,0.30,1.0107,1.0000,True
GameOfLife,Parallel_12,250,72.4433,72.4222,72.1857,72.7084,0.1442,0.20,5.0398,4.9865,True
GameOfLife,Parallel_2,250,181.5139,182.7214,180.4190,193.2681,3.6086,1.97,2.0114,1.9901,True
GameOfLife,Parallel_4,250,94.0452,94.8543,93.0800,99.7507,1.9228,2.03,3.8822,3.8411,True
GameOfLife,Parallel_6,250,66.3096,67.0869,65.2816,73.1496,2.2906,3.41,5.5060,5.4477,True
GameOfLife,Parallel_8,250,80.4202,81.5167,77.5887,85.9368,2.8861,3.54,4.5399,4.4919,True
GameOfLife,Sequential,250,365.1025,365.1670,364.6905,365.6710,0.3128,0.09,1.0000,0.9894,True
GameOfLife,GPU_ComputeSharp,500,16.8497,16.9013,16.5027,17.9914,0.4209,2.49,85.3477,85.4674,True
GameOfLife,ILGPU_Cuda,500,5.2603,5.5767,5.2052,8.0922,0.8450,15.15,273.3861,273.7694,True
GameOfLife,Parallel_1,500,1440.0956,1440.6089,1439.1133,1443.7375,1.4530,0.10,0.9986,1.0000,True
GameOfLife,Parallel_12,500,257.5360,257.6807,257.4134,259.0401,0.4633,0.18,5.5840,5.5918,True
GameOfLife,Parallel_2,500,725.9457,726.8674,721.4149,734.9335,4.5358,0.62,1.9810,1.9838,True
GameOfLife,Parallel_4,500,372.4098,372.2625,368.1692,374.9807,2.2740,0.61,3.8616,3.8670,True
GameOfLife,Parallel_6,500,248.5260,253.4643,246.5543,297.2811,14.7104,5.80,5.7864,5.7945,True
GameOfLife,Parallel_8,500,276.5828,277.3231,274.5695,282.6910,2.4137,0.87,5.1995,5.2067,True
GameOfLife,Sequential,500,1438.0792,1438.5194,1436.2396,1441.8600,1.6571,0.12,1.0000,1.0014,True
GameOfLife,GPU_ComputeSharp,1000,50.5379,55.5292,37.9734,77.1762,17.3199,31.19,113.7805,113.9280,True
GameOfLife,ILGPU_Cuda,1000,8.3563,9.2876,8.2477,13.6724,1.6587,17.86,688.1267,689.0185,True
GameOfLife,Parallel_1,1000,5757.6798,5758.0667,5755.7424,5763.3538,1.9578,0.03,0.9987,1.0000,True
GameOfLife,Parallel_12,1000,971.2740,971.3501,970.1872,972.4440,0.6025,0.06,5.9203,5.9280,True
GameOfLife,Parallel_2,1000,2883.9720,2885.5383,2881.7732,2894.1703,4.0256,0.14,1.9939,1.9964,True
GameOfLife,Parallel_4,1000,1453.8178,1454.0469,1450.4115,1460.1960,2.7302,0.19,3.9553,3.9604,True
GameOfLife,Parallel_6,1000,1003.5978,1003.0974,997.6291,1014.2383,4.5959,0.46,5.7296,5.7370,True
GameOfLife,Parallel_8,1000,1022.0214,1023.6349,1017.2890,1045.8325,7.9705,0.78,5.6263,5.6336,True
GameOfLife,Sequential,1000,5750.2274,5749.6657,5744.5078,5751.3982,1.9077,0.03,1.0000,1.0013,True
GameOfLife,GPU_ComputeSharp,2000,38.2742,55.3668,34.9650,216.2674,53.6802,96.95,601.4612,601.9733,True
GameOfLife,ILGPU_Cuda,2000,22.5536,22.1085,19.8625,25.7459,1.7240,7.80,1020.6981,1021.5671,True
GameOfLife,Parallel_1,2000,23040.0166,23039.2443,23025.3570,23047.2026,6.9472,0.03,0.9991,1.0000,True
GameOfLife,Parallel_12,2000,3871.2269,3870.9871,3868.6729,3874.6672,1.7569,0.05,5.9465,5.9516,True
GameOfLife,Parallel_2,2000,11543.5629,11548.2704,11527.9912,11568.4330,12.6586,0.11,1.9942,1.9959,True
GameOfLife,Parallel_4,2000,5797.4109,5800.3821,5785.1044,5822.6143,12.2534,0.21,3.9708,3.9742,True
GameOfLife,Parallel_6,2000,3993.6733,3982.5697,3950.6455,4017.9616,22.0802,0.55,5.7642,5.7691,True
GameOfLife,Parallel_8,2000,4015.6961,4012.4978,3989.8703,4035.4793,12.7930,0.32,5.7326,5.7375,True
GameOfLife,Sequential,2000,23020.4162,23021.6261,23005.7762,23040.2082,9.3216,0.04,1.0000,1.0009,True
GameOfLife,GPU_ComputeSharp,5000,166.6286,167.2305,162.0081,175.2511,4.1162,2.46,863.1134,863.8148,True
GameOfLife,ILGPU_Cuda,5000,98.4680,98.6922,93.8893,104.5562,2.4124,2.44,1460.5693,1461.7561,True
GameOfLife,Parallel_1,5000,143936.2042,143941.0248,143915.6142,143971.2560,22.9700,0.02,0.9992,1.0000,True
GameOfLife,Parallel_12,5000,23919.0871,23917.6229,23903.0044,23935.4329,8.5062,0.04,6.0127,6.0176,True
GameOfLife,Parallel_2,5000,72047.9936,72051.9124,72009.5944,72098.1492,36.2584,0.05,1.9962,1.9978,True
GameOfLife,Parallel_4,5000,36225.0036,36229.4369,36199.2883,36262.0779,22.6025,0.06,3.9702,3.9734,True
GameOfLife,Parallel_6,5000,24772.6544,24771.9806,24707.1074,24879.4613,56.9758,0.23,5.8056,5.8103,True
GameOfLife,Parallel_8,5000,24562.2952,24563.9871,24480.5507,24633.6398,36.2015,0.15,5.8553,5.8600,True
GameOfLife,Sequential,5000,143819.3343,143810.3873,143782.7646,143829.0630,19.9319,0.01,1.0000,1.0008,True
GameOfLife,GPU_ComputeSharp,10000,788.8117,803.5682,734.7161,899.8424,56.2430,7.00,729.3338,730.2262,True
GameOfLife,ILGPU_Cuda,10000,368.4685,368.6610,362.8574,375.8269,4.0477,1.10,1561.3467,1563.2571,True
GameOfLife,Parallel_1,10000,576010.9071,575943.1063,575674.2055,576144.2064,197.7758,0.03,0.9988,1.0000,True
GameOfLife,Parallel_12,10000,95332.6156,95324.4496,95295.8399,95344.8933,20.8418,0.02,6.0347,6.0421,True
GameOfLife,Parallel_2,10000,288133.5518,288174.4474,288131.7981,288257.9923,59.0795,0.02,1.9967,1.9991,True
GameOfLife,Parallel_4,10000,144486.8096,144503.5077,144442.1456,144581.5679,58.1307,0.04,3.9817,3.9866,True
GameOfLife,Parallel_6,10000,98594.7077,98616.9981,98538.6645,98717.6222,74.7400,0.08,5.8351,5.8422,True
GameOfLife,Parallel_8,10000,97676.1484,97736.0357,97617.7515,97914.2071,128.2221,0.13,5.8899,5.8972,True
GameOfLife,Sequential,10000,575307.0140,575285.1897,575240.7288,575307.8264,31.4404,0.01,1.0000,1.0012,True
MatrixMultiply,GPU_ComputeSharp,64,2.2041,2.2393,2.1597,2.4035,0.0820,3.66,0.0876,0.2624,True
MatrixMultiply,ILGPU_Cuda,64,3.0383,3.0624,2.9452,3.1882,0.0785,2.56,0.0635,0.1904,True
MatrixMultiply,Parallel_1,64,0.5784,0.5833,0.5702,0.6153,0.0146,2.51,0.3337,1.0000,True
MatrixMultiply,Parallel_12,64,0.1895,0.1920,0.1732,0.2233,0.0178,9.26,1.0182,3.0517,True
MatrixMultiply,Parallel_2,64,0.3017,0.3089,0.2965,0.3567,0.0178,5.75,0.6396,1.9170,True
MatrixMultiply,Parallel_4,64,0.1924,0.1971,0.1866,0.2206,0.0116,5.89,1.0031,3.0065,True
MatrixMultiply,Parallel_6,64,0.1904,0.1954,0.1826,0.2300,0.0147,7.54,1.0139,3.0389,True
MatrixMultiply,Parallel_8,64,0.1913,0.1935,0.1794,0.2198,0.0128,6.62,1.0092,3.0246,True
MatrixMultiply,Sequential,64,0.1930,0.1939,0.1924,0.1988,0.0020,1.01,1.0000,2.9972,True
MatrixMultiply,GPU_ComputeSharp,128,2.3879,2.4341,2.1650,2.6933,0.1682,6.91,0.9663,1.1900,True
MatrixMultiply,ILGPU_Cuda,128,3.1764,3.2380,3.0474,3.8553,0.2339,7.22,0.7264,0.8946,True
MatrixMultiply,Parallel_1,128,2.8415,2.8448,2.8177,2.8856,0.0221,0.78,0.8121,1.0000,True
MatrixMultiply,Parallel_12,128,0.6080,0.6261,0.5816,0.8188,0.0658,10.51,3.7951,4.6735,True
MatrixMultiply,Parallel_2,128,1.4627,1.5118,1.4325,1.6936,0.0942,6.23,1.5776,1.9427,True
MatrixMultiply,Parallel_4,128,0.7516,0.7649,0.7448,0.8725,0.0365,4.77,3.0698,3.7803,True
MatrixMultiply,Parallel_6,128,0.5361,0.5682,0.5223,0.8585,0.0971,17.08,4.3041,5.3003,True
MatrixMultiply,Parallel_8,128,0.6453,0.6523,0.6241,0.7038,0.0239,3.66,3.5758,4.4034,True
MatrixMultiply,Sequential,128,2.3075,2.3080,2.2856,2.3342,0.0180,0.78,1.0000,1.2314,True
MatrixMultiply,GPU_ComputeSharp,256,3.0473,3.0809,2.6947,3.6435,0.2453,7.96,5.8994,6.0055,True
MatrixMultiply,ILGPU_Cuda,256,3.2781,3.2777,3.1590,3.4199,0.0681,2.08,5.4841,5.5826,True
MatrixMultiply,Parallel_1,256,18.3005,18.3141,18.0616,18.8273,0.1952,1.07,0.9823,1.0000,True
MatrixMultiply,Parallel_12,256,4.1464,4.1501,3.5422,4.6405,0.3449,8.31,4.3356,4.4136,True
MatrixMultiply,Parallel_2,256,9.2296,9.2276,9.0273,9.4405,0.1373,1.49,1.9478,1.9828,True
MatrixMultiply,Parallel_4,256,4.7300,5.3050,4.6542,6.9054,0.7818,14.74,3.8007,3.8690,True
MatrixMultiply,Parallel_6,256,4.1348,4.2028,3.9154,5.0688,0.3295,7.84,4.3479,4.4260,True
MatrixMultiply,Parallel_8,256,4.1141,4.1676,3.9890,4.7747,0.2200,5.28,4.3697,4.4482,True
MatrixMultiply,Sequential,256,17.9773,18.3498,16.7871,21.4786,1.4139,7.71,1.0000,1.0180,True
MatrixMultiply,GPU_ComputeSharp,512,3.6033,3.6702,3.4092,4.2498,0.2390,6.51,51.8073,55.7813,True
MatrixMultiply,ILGPU_Cuda,512,4.1128,4.1038,3.7049,4.3357,0.1467,3.57,45.3894,48.8711,True
MatrixMultiply,Parallel_1,512,200.9997,200.3762,196.4850,203.4093,2.5091,1.25,0.9288,1.0000,True
MatrixMultiply,Parallel_12,512,36.8962,37.3975,36.2631,39.8575,1.2003,3.21,5.0596,5.4477,True
MatrixMultiply,Parallel_2,512,107.2805,108.8476,100.5369,119.2520,5.8629,5.39,1.7401,1.8736,True
MatrixMultiply,Parallel_4,512,66.0991,65.0611,60.6043,69.0282,3.2693,5.02,2.8242,3.0409,True
MatrixMultiply,Parallel_6,512,50.7778,51.5773,48.1383,55.8864,2.2260,4.32,3.6764,3.9584,True
MatrixMultiply,Parallel_8,512,44.9465,45.0297,42.6896,46.6445,1.0548,2.34,4.1534,4.4720,True
MatrixMultiply,Sequential,512,186.6798,186.5432,181.1308,190.0586,2.6048,1.40,1.0000,1.0767,True
MatrixMultiply,GPU_ComputeSharp,1024,29.3191,29.2986,27.6722,30.9601,1.0699,3.65,179.9023,138.2868,True
MatrixMultiply,ILGPU_Cuda,1024,8.1816,8.2368,7.6331,8.9359,0.4624,5.61,644.6873,495.5565,True
MatrixMultiply,Parallel_1,1024,4054.4453,3991.7051,3774.0020,4073.6564,112.6398,2.82,1.3009,1.0000,True
MatrixMultiply,Parallel_12,1024,359.3465,361.7080,341.6475,383.2396,13.1027,3.62,14.6782,11.2828,True
MatrixMultiply,Parallel_2,1024,1819.0844,1843.9382,1778.8130,1966.2860,63.5924,3.45,2.8996,2.2288,True
MatrixMultiply,Parallel_4,1024,909.4679,915.6139,890.8867,986.3774,26.0559,2.85,5.7996,4.4580,True
MatrixMultiply,Parallel_6,1024,606.0593,610.8793,582.7134,650.7729,18.9117,3.10,8.7031,6.6898,True
MatrixMultiply,Parallel_8,1024,489.2421,493.2540,474.8583,536.6053,16.5626,3.36,10.7811,8.2872,True
MatrixMultiply,Sequential,1024,5274.5733,5207.0434,4940.2059,5415.6528,186.9593,3.59,1.0000,0.7687,True
MatrixMultiply,GPU_ComputeSharp,2048,49.4869,48.7149,38.4057,52.3029,3.5877,7.36,1396.4603,914.5064,True
MatrixMultiply,ILGPU_Cuda,2048,34.5889,36.4656,32.9380,50.5878,4.1438,11.36,1997.9393,1308.3997,True
MatrixMultiply,Parallel_1,2048,45256.0417,52178.8674,39792.7650,84929.4717,16520.4269,31.66,1.5270,1.0000,True
MatrixMultiply,Parallel_12,2048,7674.9618,12814.3324,7324.3953,21167.9379,6501.5318,50.74,9.0041,5.8966,True
MatrixMultiply,Parallel_2,2048,22501.6115,21597.2901,19905.6444,23071.4176,1384.3277,6.41,3.0712,2.0112,True
MatrixMultiply,Parallel_4,2048,11656.0676,14542.9268,9970.4753,27878.0560,6647.6953,45.71,5.9288,3.8826,True
MatrixMultiply,Parallel_6,2048,8283.7097,12128.7455,7166.6044,22125.5192,6414.1578,52.88,8.3424,5.4633,True
MatrixMultiply,Parallel_8,2048,7962.6699,11429.5274,7165.0227,20158.7741,5656.5295,49.49,8.6788,5.6835,True
MatrixMultiply,Sequential,2048,69106.4236,62942.7280,43817.4303,75904.3302,13805.4493,21.93,1.0000,0.6549,True
MatrixMultiply,GPU_ComputeSharp,4096,223.9637,228.0852,218.3916,252.3830,9.8246,4.31,6534.3630,2854.9503,True
MatrixMultiply,ILGPU_Cuda,4096,640.3316,640.8017,628.9046,647.4019,5.2905,0.83,2285.4723,998.5533,True
MatrixMultiply,Parallel_1,4096,639405.2371,663842.4855,551777.9272,800344.2922,102937.5014,15.51,2.2888,1.0000,True
MatrixMultiply,Parallel_12,4096,144040.8587,148448.9315,123033.4568,178272.4789,22765.6279,15.34,10.1600,4.4391,True
MatrixMultiply,Parallel_2,4096,400062.5547,395674.5519,338231.7175,448729.3834,45217.0651,11.43,3.6581,1.5983,True
MatrixMultiply,Parallel_4,4096,245440.6748,220648.9538,156393.8020,260112.3847,45828.3622,20.77,5.9626,2.6051,True
MatrixMultiply,Parallel_6,4096,142599.6797,148211.8858,119313.3915,182722.5863,26189.1089,17.67,10.2627,4.4839,True
MatrixMultiply,Parallel_8,4096,184262.9528,185903.0323,177052.7036,196393.4404,7980.5355,4.29,7.9422,3.4701,True
MatrixMultiply,Sequential,4096,1463460.1064,1410893.3045,1247193.4404,1522026.3667,118196.8297,8.38,1.0000,0.4369,True
